# Reviewed creator names; name<TAB>aliases.
Abella Danger
Adriana Chechik
Aishah Sofey	aishahsofey
Alexis Fawx
Alexis Texas
Alina Lopez
Amanda Cerny
Amber Rose
Amouranth
Ana Cheri
Ana Lorde
Angela White
Annie Knight
Ari Kytsya	arikytsya
Ariella Ferrera
Asa Akira
Astrid Wett
Autumn Falls
Ava Addams
Bella Thorne
Belle Delphine
Bhad Bhabie
Blac Chyna
Bonnie Blue
Brandi Love
Breckie Hill
Camilla Araujo
Cardi B
Carmen Electra
Cherie DeVille	cheriedeville
Chloe Cherry
Coco Austin
Corinna Kopf
Dani Daniels
Demi Rose
Denise Richards
Dillon Harper
Ebanie Bridges
Elle Brooke
Elsa Jean
Emily Black
Emma Magnolia
Erica Mena
Eva Elfie
Gabbie Carter
Gali Golan
Gianna Dior
Grace Charis
Holly Sonders
Iggy Azalea
Jailyne Ojeda
Jameliz
Jem Wolfie
Jessa Rhodes
Jessica Nigri
Karely Ruiz
Katie Sigmond
Kayden Kross
Kazumi
Kendra Lust
Kendra Sunderland
Key Alves
Kira Noir
Lana Rhoades
Lauren Phillips
Leah Gotti
Lena Paul
Lena The Plug	lenatheplug
Lily Phillips
Lindsey Pelas
Lyna Perez
Madison Ivy
Marie Temara
Meg Turney
Megan Barton-Hanson	meganbartonhanson
Mia Khalifa
Mia Malkova
Morgpie
Nala Ray
Nicole Aniston
Paige VanZant
Phoenix Marie
Piper Perri
Rae Lil Black	raelilblack
Remy LaCroix	remylacroix
Riley Reid
Romi Rain
Salice Rose
Sami Sheen
Savannah Bond
Sky Bri	realskybri
Skylar Mae
Skylar Vox
Sommer Ray
Sophie Rain	sophieraiin
Tana Mongeau
Teanna Trump
Trisha Paytas
Vanna Bardot
Violet Myers
